vibration,temperature,current,label
5.0,59.25252956811069,3.4648307917121133,Warning
2.0,77.71402542851902,2.381730977630846,Critical
2.0,36.8782418424627,1.1555268841746784,Normal
1.0,39.30319201022729,2.0264996507848916,Normal
9.0,83.77333685260832,5.899088648330498,Critical
1.0,61.01808370923493,1.948174658408286,Warning
1.0,79.6512000640689,2.644752730498892,Critical
5.0,61.575813493568596,4.00556981003246,Warning
1.0,63.23591474638026,2.6508231826681588,Warning
9.0,82.31761942274828,5.694300988680691,Critical
0.0,76.94564716544394,2.1859281300074036,Critical
5.0,60.31865159359077,3.710866520170994,Warning
8.0,76.49116999256351,5.044322900442774,Critical
6.0,67.42674362624831,4.198865130214607,Warning
8.0,80.9959864803708,5.586339102363761,Critical
2.0,36.02082184678131,2.0107210224080463,Normal
10.0,75.17544256636538,5.212054291922315,Critical
0.0,36.25804759091749,4.0922942279911085,Warning
0.0,36.438788720876886,3.572858773350918,Warning
1.0,38.39964295850583,1.8559265872243267,Normal
7.0,38.645846647106815,2.025206174670968,Warning
3.0,60.37048750683166,3.7050847586781495,Warning
8.0,81.4798033815173,5.462363189506878,Critical
1.0,38.069316625148055,5.409135089028979,Critical
2.0,38.00623998322421,5.134158026510534,Critical
1.0,39.64408502167035,2.10003914886089,Normal
0.0,38.369513476202094,2.8471452542865907,Normal
1.0,38.88484991024291,1.6874042824452982,Normal
11.0,74.79507175386371,5.6749258365035296,Critical
1.0,64.9584089508823,1.8047800289037017,Warning
4.0,62.693846068230094,3.5952317322868974,Warning
0.0,44.11162296584239,1.8305894539495633,Normal
4.0,59.38635178392256,4.400337085556554,Warning
4.0,39.158198659485805,1.4747657090263564,Warning
4.0,37.59514347769465,1.553883559294573,Warning
8.0,76.76725025718886,5.395121427580622,Critical
1.0,38.98222454834795,2.3723480364570255,Normal
0.0,38.72918018061748,1.8177940555006062,Normal
1.0,63.5920818140742,1.9313984957542445,Warning
5.0,65.13123019316149,3.8376819045889343,Warning
7.0,80.6351413525118,5.76675223468554,Critical
5.0,38.31555091965135,2.2442358936500018,Warning
0.0,39.91769993744883,5.606552432984835,Critical
4.0,59.10394641557371,3.7187185693876654,Warning
2.0,40.724979159462514,1.378763279125255,Normal
1.0,65.04654564944879,1.4195825520462142,Warning
2.0,40.11673962070438,1.7042341352107973,Normal
2.0,80.83772466180069,2.479074621166247,Critical
0.0,39.13784991535247,1.487795299357049,Normal
8.0,74.67089708346134,5.856828821182621,Critical
1.0,44.72524848282619,3.8710339835635574,Warning
0.0,66.77135689374806,2.131271753162319,Warning
1.0,80.35599250917198,2.3455365735441935,Critical
1.0,36.172941029986234,1.6033494750987818,Normal
2.0,39.704543546471726,1.8518455907845461,Normal
0.0,40.68844514639082,2.2574540823499305,Normal
3.0,38.78075495084615,1.8207150448249618,Normal
5.0,59.903958692045514,3.668737859054743,Warning
5.0,57.15484732824564,4.045986151998012,Warning
9.0,83.8730871655524,5.591497144455489,Critical
3.0,37.53583996232684,2.293471221307721,Normal
9.0,40.188094909710145,2.037636963018772,Critical
10.0,81.17448811204432,5.362226885046034,Critical
6.0,37.04501521682668,1.8405652542487994,Warning
2.0,37.400751584021684,5.504864373266379,Critical
5.0,61.44747276045433,3.6054457047320163,Warning
4.0,60.09556050808563,3.2927841700727054,Warning
9.0,77.61786937490344,5.115119578954481,Critical
1.0,39.760811308429574,2.629146408325624,Normal
8.0,81.5032562978674,5.873092170410097,Critical
1.0,39.689535195802115,1.9118079176275902,Normal
1.0,43.51374128040196,2.2628041460559407,Normal
1.0,43.92473982063973,3.5272861267961435,Warning
2.0,39.42596803991482,2.4913374872232947,Normal
5.0,62.86465718927097,3.611669056255431,Warning
2.0,43.422438368084144,5.499328559996831,Critical
1.0,44.80533667396275,1.9162255303844415,Normal
9.0,43.688127152950315,1.7179022369088708,Critical
5.0,37.9657854145195,2.1862452808585036,Warning
9.0,76.67359107518588,5.58031112756045,Critical
1.0,39.50967130442646,2.1181510920796267,Normal
5.0,39.90750245774745,1.9249687116032101,Warning
2.0,40.27175472070524,2.2253785776469,Normal
11.0,81.66773609389833,5.337669845526998,Critical
2.0,60.630586567325835,2.3962821002627366,Warning
4.0,62.68631008678681,4.038613195523754,Warning
4.0,63.69546013642931,2.789339089731909,Warning
4.0,61.64190140216937,3.1326802685921473,Warning
5.0,63.668225821469456,3.7620414784320997,Warning
5.0,58.78489601941477,3.576234840435225,Warning
5.0,58.70798697635887,3.9452531049008552,Warning
5.0,35.184186258602296,1.9914959156802146,Warning
8.0,46.4759770321145,2.164438723121738,Critical
0.0,63.1339129939841,2.1583884466428573,Warning
10.0,44.565101358210875,2.125578629367189,Critical
1.0,43.03814745345949,2.054400264683963,Normal
2.0,45.17099716234989,1.9371682753510897,Normal
2.0,80.86067335487782,1.330177092809876,Critical
1.0,59.41044301296717,2.4527284889607794,Warning
9.0,40.80448834286595,1.6673123274849901,Critical
6.0,62.8696564277552,3.755031495202668,Warning
4.0,38.317737507736766,1.9922132718027763,Warning
1.0,39.755236690944635,1.403021724394569,Normal
0.0,36.22358062094699,5.866810352166039,Critical
6.0,65.52651972952634,3.7673473912188635,Warning
8.0,80.81886726459017,5.465057896826592,Critical
9.0,78.79051196920986,5.689395793376314,Critical
7.0,34.7868562145886,2.0712716125484305,Warning
0.0,83.18098161433909,1.9053612054688245,Critical
1.0,41.80287785409969,5.616386309584175,Critical
10.0,80.8618722831091,5.762084860093867,Critical
2.0,39.792586195821585,2.473755061349289,Normal
1.0,35.87531257489005,1.9166391896088673,Normal
1.0,36.97632115112937,2.25349893710968,Normal
2.0,34.35760471607783,1.888732707980038,Normal
0.0,40.35767758338218,1.799992773281142,Normal
5.0,59.917584316563,3.522689056410079,Warning
1.0,41.89594445128419,1.5085058156682378,Normal
2.0,41.825355209289036,5.4250037701059375,Critical
0.0,37.268275348235655,2.1954921357459782,Normal
2.0,36.93813094145999,1.34905760770903,Normal
1.0,40.18115778527325,1.5440717591079376,Normal
9.0,84.05922073262617,6.013170986868989,Critical
9.0,78.39423330010827,4.988139915301047,Critical
1.0,42.414641697587136,5.543309005043986,Critical
0.0,71.78140063313157,1.381563335654481,Critical
0.0,36.11058301577572,1.4812351108950128,Normal
1.0,39.33709804664094,1.9638029602488782,Normal
5.0,60.77500051151999,3.2106616190704025,Warning
10.0,78.60685882341366,5.669819381017198,Critical
5.0,59.823825433976076,3.480030344452124,Warning
9.0,82.50684478365874,5.460129262431421,Critical
1.0,39.94888633198761,3.7990740058034964,Warning
0.0,42.79471903862273,2.1347328381370523,Normal
1.0,41.15018159306049,2.349938486418603,Normal
1.0,39.94948982879972,6.137719327469995,Critical
2.0,38.7182420609904,2.05548889187685,Normal
1.0,44.01219432232823,1.9459230122625348,Normal
2.0,39.33333190870368,1.4852177969240699,Normal
11.0,38.543811391257634,1.7317383580308159,Critical
2.0,37.37167022731613,3.620740895409552,Warning
3.0,40.10672943095388,2.6137918593453784,Normal
0.0,36.48408522129762,1.6173366497394162,Normal
1.0,40.958200791373685,1.6958334632473262,Normal
1.0,46.105219908193206,1.9695170401316215,Normal
8.0,43.798913671508096,2.4803198200032814,Critical
5.0,63.3341804545857,3.646210213473294,Warning
1.0,40.27047048300272,5.154815961319191,Critical
1.0,43.148018831630225,1.7633939430115209,Normal
2.0,80.84351949693044,1.7558549776912922,Critical
0.0,41.43662661556139,1.4625252755258584,Normal
10.0,79.84009139302654,5.489239658708814,Critical
0.0,39.736369772753136,2.3291013127092564,Normal
8.0,83.08274321166147,5.14358956367356,Critical
0.0,34.888021412168875,1.708437147021396,Normal
2.0,40.658147504091566,1.856175469208192,Normal
2.0,58.20637402415626,2.6220139940902034,Warning
4.0,38.84634966994625,2.2314823664620977,Warning
1.0,45.73886442319525,3.863162181769059,Warning
1.0,39.442129968441854,3.450256106520376,Warning
1.0,46.70315873859305,5.405361070266595,Critical
5.0,66.43483680714817,3.384757735700563,Warning
1.0,38.843110055430515,3.6172437530124206,Warning
9.0,81.80902056028003,5.3693068721116415,Critical
1.0,39.893167791429725,1.522340421729452,Normal
1.0,77.5473248050101,2.1475658904684405,Critical
4.0,58.06910975070368,2.986795022292849,Warning
3.0,39.99424044047096,2.1428126619084433,Normal
2.0,47.64798385782101,1.8581557570927338,Normal
2.0,41.91260143269309,1.7553743499974388,Normal
1.0,59.26566913058813,2.288549471834743,Warning
1.0,83.58901845611074,2.026389840101122,Critical
0.0,40.20301377418813,5.49019377528649,Critical
3.0,44.72776086563617,6.140834001064798,Critical
10.0,77.45976772134794,5.123549699849945,Critical
9.0,78.61692115825748,5.348368570181942,Critical
8.0,75.59408170905412,5.7215039132450505,Critical
2.0,57.27314201848816,1.7685040876926144,Warning
9.0,75.17357987219009,5.7339943701398575,Critical
1.0,57.77054171315657,2.41388575961343,Warning
1.0,35.51678314054208,2.2447188560932108,Normal
0.0,37.96520667953447,2.262301864904709,Normal
10.0,79.07861878074264,5.289488715954348,Critical
5.0,64.92099053403227,4.134685998884834,Warning
1.0,41.845770300905684,1.3942649380724736,Normal
9.0,82.66738195258102,5.31029863376591,Critical
1.0,40.393173478138436,2.127916065424992,Normal
1.0,41.818873468326125,3.2315661560366546,Warning
11.0,79.99664083400633,4.717737575735467,Critical
9.0,80.0159685813551,5.899073317627858,Critical
8.0,74.31486245015635,5.5409430819083605,Critical
9.0,80.13817441573134,5.964854817313529,Critical
2.0,39.67079745510945,2.12345205705922,Normal
2.0,36.894765657878075,1.9957703722241065,Normal
2.0,40.305777662117976,3.433186789690322,Warning
0.0,38.03756067979661,1.2484488395914708,Normal
1.0,41.44223997671773,2.1562859116104804,Normal
2.0,36.616657705324855,1.8670677208735367,Normal
2.0,40.034336317274395,2.087075558430379,Normal
5.0,55.61240633239995,3.790174147322406,Warning
10.0,82.45802929117924,6.411269204562643,Critical
0.0,41.9997180058286,1.6562932030593949,Normal
2.0,34.50578174735463,1.8825374211584738,Normal
9.0,80.41733521928478,5.46644073910191,Critical
5.0,56.19640779286065,3.256195129104601,Warning
8.0,39.54030711922536,1.7115542475311831,Critical
0.0,41.929980384067136,1.8618882069991436,Normal
0.0,37.335598438799046,1.8746941591739499,Normal
1.0,39.43698702721464,2.0973503042591193,Normal
10.0,78.36865158694182,5.993960945056849,Critical
9.0,34.86558052080862,1.924664440198346,Critical
1.0,41.344972197919475,2.407857637441512,Normal
9.0,78.82332196123915,4.850116359320942,Critical
6.0,62.172230214314474,3.308935339282054,Warning
2.0,43.67810172973204,2.69653076617604,Normal
0.0,45.04544985790247,2.605148369309996,Normal
10.0,38.00481483891513,2.3280819384218767,Critical
5.0,62.004019540263464,4.215533750266351,Warning
1.0,65.37513176512408,1.9953044745763169,Warning
1.0,43.197940692362934,2.0549669986058707,Normal
8.0,46.09420049433551,1.9886339866288907,Critical
2.0,41.91071885011663,2.119276992800737,Normal
4.0,60.38656596092858,4.129947284298053,Warning
9.0,80.59266884758252,5.085185396813689,Critical
9.0,44.29275705647306,2.4789642878177953,Critical
4.0,63.16542260255462,3.084064502306587,Warning
9.0,78.01047874808971,5.268214313236393,Critical
9.0,40.765580055268046,1.8607777301209272,Critical
3.0,61.42771861899635,3.643020351178588,Warning
1.0,74.46935774762387,1.7628709590078817,Critical
0.0,38.86551233788183,2.4547299042251227,Normal
1.0,34.937996698125914,1.4935106346519196,Normal
0.0,37.519884859249316,1.726154283113494,Normal
10.0,84.43838643155658,5.433474914484739,Critical
2.0,43.7438499551783,1.9116189329939623,Normal
2.0,40.36353384789839,2.0457674657690403,Normal
0.0,42.638193924588485,2.272227177400132,Normal
0.0,41.33896644262919,1.7176903834924195,Normal
1.0,39.15161275255729,1.9628363242820983,Normal
1.0,57.95959235366131,2.0737334072036173,Warning
2.0,44.30890526968987,2.185294692494003,Normal
1.0,36.48397842221555,1.8186020551718038,Normal
5.0,42.33282859083561,1.7166797883875318,Warning
1.0,40.94681501077102,2.4220487673108817,Normal
2.0,37.03942876471529,1.9141527539202616,Normal
2.0,53.66601715781428,1.8783668057322682,Normal
0.0,45.51074058496394,3.0167735092341426,Warning
6.0,58.340372765475436,3.4092305414381325,Warning
5.0,65.07476507937619,3.6426162749905515,Warning
0.0,43.678878866946846,4.252714926043572,Warning
3.0,42.38751596565932,2.021163956841079,Normal
8.0,82.26458567742213,5.396900935868436,Critical
1.0,43.39806946155877,4.142588933268313,Warning
2.0,62.08406656107763,1.9239708446234633,Warning
1.0,39.05127222296925,1.9941195948734989,Normal
1.0,39.816026962513455,1.631485521253618,Normal
4.0,57.91922490113202,3.200502259234816,Warning
1.0,40.092751834098095,1.9588362006012077,Normal
0.0,41.106252352247495,1.6643910897098504,Normal
10.0,80.63259380626427,5.438325429363308,Critical
9.0,81.45524530119239,5.122853534896436,Critical
1.0,44.41447591897947,1.101669545674046,Normal
1.0,42.98710415769977,2.370728308613712,Normal
4.0,61.31212203934307,3.1425220090974655,Warning
1.0,39.92308281895698,5.359025970612816,Critical
6.0,63.963978585343355,3.960924617283744,Warning
9.0,38.69911754453744,1.2702400961620428,Critical
5.0,45.50867751919006,1.9289703197136205,Warning
5.0,64.94443924792435,3.2923101662386363,Warning
9.0,83.24256861485262,5.396978296765463,Critical
2.0,40.69863406041151,2.0820403124445437,Normal
2.0,37.441186546623186,5.72665093607159,Critical
1.0,39.10220588834423,1.6447262329949144,Normal
10.0,81.92218733060876,6.06959046881264,Critical
1.0,41.23819783478797,2.150787351052759,Normal
1.0,44.833348445498864,1.5721689906110339,Normal
4.0,36.80658176162148,1.3600616409954742,Warning
0.0,46.38774133608489,1.5494020965540891,Normal
5.0,58.66720671435284,4.116074440023856,Warning
2.0,60.61233285102626,2.348794209574441,Warning
0.0,38.250654783091925,3.343971480614426,Warning
2.0,38.947142853346065,1.6422019014234346,Normal
1.0,38.245377595201,1.9836944553812312,Normal
0.0,39.06854807141217,1.8998219675557657,Normal
8.0,82.82778086269937,5.6723039191783124,Critical
7.0,60.2402447447873,4.2023550548259045,Warning
6.0,57.45573567261938,3.9901923748731187,Warning
2.0,43.755175025695586,1.8175369784769504,Normal
2.0,82.86304498727509,2.173345531124009,Critical
5.0,62.02551688016946,3.97822628852047,Warning
10.0,81.45336031774526,5.926203815607898,Critical
4.0,66.549105940176,3.6086850619497026,Warning
1.0,63.252415876226046,1.537828855545037,Warning
4.0,64.41371090475451,3.463710116749789,Warning
9.0,81.23867418566721,5.245849459059774,Critical
1.0,43.600918774777966,2.101275704934989,Normal
1.0,36.631694703187016,3.2855550838356047,Warning
0.0,43.66762401602209,1.9459146812759192,Normal
1.0,39.12042524005371,2.678030906850331,Normal
9.0,38.53865931755447,1.89083804071061,Critical
9.0,83.31482146687317,5.596935536326778,Critical
4.0,41.45528160549134,2.0834359311930988,Warning
6.0,36.82515684748709,1.5371106033479123,Warning
1.0,81.71352219887314,1.6599334294454642,Critical
2.0,58.74616813269129,2.494379574486352,Warning
6.0,61.8221520619222,3.4447495722692185,Warning
6.0,65.3275094344764,3.142795449215491,Warning
9.0,42.17808709911743,2.40924453817456,Critical
8.0,86.9930740146742,5.786806650416264,Critical
11.0,40.70329334944629,1.3481303365813218,Critical
6.0,56.70433905409145,4.040836675101058,Warning
1.0,39.08671971143,3.5566228750711995,Warning
9.0,82.37118043089852,5.84285486940459,Critical
4.0,40.671902285120346,2.0006997747452804,Warning
5.0,61.506046917368145,3.0867654995455602,Warning
1.0,38.56269048726406,2.276780602412646,Normal
2.0,62.44952724196184,2.143910171305587,Warning
9.0,81.3494459796696,5.147091889804008,Critical
1.0,36.65983587423445,2.202846399866767,Normal
1.0,36.81275676442131,1.8146962004218743,Normal
1.0,35.569426549462804,2.373527845800194,Normal
1.0,36.16895066508931,2.0244718533481887,Normal
2.0,40.00897987359987,3.8190734919039184,Warning
8.0,44.74848834032,1.6767820770233437,Critical
9.0,44.758011492879604,2.0776939721866947,Critical
2.0,80.07334616575936,1.897308918127609,Critical
6.0,57.880990949343385,3.8149287904910385,Warning
8.0,85.4786280407204,5.1031801411030955,Critical
0.0,39.46116575850562,2.068871633829935,Normal
4.0,60.51979597885197,3.7494968156691906,Warning
2.0,40.9288602457275,2.2063414101124605,Normal
5.0,62.30434229195015,2.9972374322183657,Warning
5.0,58.90280894133546,4.508445547731528,Critical
1.0,36.88004768127851,2.26265791853226,Normal
1.0,29.054761524355648,1.3967878074081037,Normal
1.0,81.31296702060291,2.213795720743799,Critical
10.0,82.78322719865362,6.400381102939406,Critical
6.0,43.56290317816336,2.0709712668883284,Warning
3.0,63.94518203371614,3.177762957584453,Warning
1.0,37.550274677633276,3.298608771241396,Warning
5.0,40.00932565055691,1.737565331600419,Warning
2.0,37.93488315330772,2.314235392943692,Normal
3.0,39.38451493340187,1.2987671977767201,Normal
4.0,63.23063604703865,3.536981142299673,Warning
0.0,39.575791987523864,5.5236444194282885,Critical
9.0,78.13753584295823,5.77516974402852,Critical
0.0,40.949482785019924,1.9659496905552787,Normal
8.0,80.08498023524882,4.940017733070479,Critical
1.0,39.23986729315595,1.9442852950169787,Normal
0.0,33.65003665308841,1.348354196365121,Normal
8.0,80.89675445775245,5.736592599532424,Critical
0.0,37.36554289921375,1.8830567957547157,Normal
1.0,34.32416124006427,1.3144929958610392,Normal
1.0,42.10586087866381,2.048384501220539,Normal
1.0,40.3076595511788,1.9483951285286414,Normal
2.0,40.50911963542843,3.546331131463272,Warning
0.0,41.331438128149316,2.1621794321114405,Normal
1.0,34.50728252245741,2.3249039470489694,Normal
9.0,43.06722167608142,2.2719755356468143,Critical
4.0,63.98132769964531,3.874273026994283,Warning
1.0,39.64737349801561,2.2903316647084253,Normal
5.0,62.98102960636795,3.4226159593397303,Warning
1.0,41.36189673792609,1.8919644305587555,Normal
0.0,41.460917442356745,1.8357091809290467,Normal
0.0,42.9365240237116,5.527516184336125,Critical
1.0,32.77023410260038,1.5952783189071336,Normal
10.0,84.70999545499684,5.150691742347143,Critical
5.0,37.642070176205934,1.8985435345837955,Warning
1.0,38.32128314185153,2.162778073325107,Normal
1.0,58.54974351754291,2.249191958046868,Warning
1.0,37.48780532851762,1.7919598767304428,Normal
2.0,37.089551441045764,1.689306520499904,Normal
2.0,39.85022226704124,1.9352981727591587,Normal
11.0,79.43226291029482,6.561116845288722,Critical
9.0,82.45629185104232,5.533107386535195,Critical
0.0,39.328423549358504,2.0848738769449278,Normal
11.0,78.86588212480557,5.613431227812017,Critical
5.0,61.74965365032022,3.5460043034146023,Warning
1.0,36.35232722768761,1.4527827182459592,Normal
1.0,38.398299284879336,1.6255866560486085,Normal
9.0,37.64261119185168,1.819295841098472,Critical
0.0,39.829136376359415,2.3672107675044725,Normal
0.0,39.94731152056766,1.6841519168226207,Normal
3.0,62.82141153597056,3.6975091007050196,Warning
8.0,39.49134785289867,2.6444394650494165,Critical
2.0,40.68763412234521,2.1855226469605133,Normal
1.0,82.00525305585803,1.765611500174729,Critical
5.0,43.13461843736328,2.0237953191178812,Warning
1.0,37.739417258927865,1.6387080652977573,Normal
2.0,42.50533373774373,2.1249048707023284,Normal
2.0,41.65277314268062,4.667948327894507,Critical
2.0,42.19232407341593,1.4497859105213657,Normal
4.0,64.02138318100327,4.001185397786506,Warning
1.0,39.8777124215937,1.7708243065997133,Normal
8.0,81.84870618965994,4.685515071069141,Critical
1.0,59.80314385579377,2.3205756057978597,Warning
1.0,41.63596978590118,3.7810811554827812,Warning
7.0,40.90677465545638,1.9603261007560675,Warning
0.0,41.49148223216129,2.049849007624698,Normal
11.0,82.91301900787757,4.946881238754063,Critical
1.0,61.43484761820685,1.8514380515763358,Warning
5.0,35.58665429684533,2.176067033931903,Warning
6.0,56.235486408354085,4.095146885336706,Warning
8.0,37.784870257368674,1.7843387205389167,Critical
9.0,36.1811427137808,1.7744404822910493,Critical
1.0,39.17844848336129,3.5821088113257926,Warning
1.0,39.838652347545036,2.618775469752959,Normal
1.0,42.88220292278339,3.0165145644831135,Warning
0.0,39.140901592404475,3.4948819260085546,Warning
10.0,38.38870903130166,1.8568853184269236,Critical
5.0,60.70862499961412,3.978790410681999,Warning
1.0,41.173793979799704,1.3746523710211727,Normal
6.0,40.3858647774738,2.835433129850873,Warning
10.0,43.608102419608436,1.8506882559293152,Critical
9.0,80.0329486777472,6.0025979062187,Critical
6.0,40.710866166157736,1.9632646453999396,Warning
1.0,57.60144205259137,1.6171920283991654,Warning
4.0,64.5860001512364,3.567109716200104,Warning
1.0,38.083366455269974,1.9037002120706608,Normal
8.0,79.88270323635034,5.468432655317914,Critical
6.0,63.349935024039645,3.8971595757307487,Warning
5.0,58.4713990500697,3.427837925288107,Warning
7.0,56.66904008202177,3.813404383466493,Warning
6.0,61.18497684893812,3.2967129055531315,Warning
0.0,38.89525312963591,2.1195444428291785,Normal
2.0,41.28626931538484,2.537514597198597,Normal
0.0,48.01529013927006,5.407782962437338,Critical
1.0,40.73231316693506,2.095621407998243,Normal
1.0,41.009749379816306,2.1487380641026523,Normal
4.0,41.95973464984368,1.9031549684700004,Warning
2.0,61.76793146053744,1.9310900054536317,Warning
8.0,82.73645718793034,5.247301911092151,Critical
0.0,37.31696186176741,1.885808298241936,Normal
1.0,37.47953056911241,1.7114315745080662,Normal
1.0,36.97439187417068,2.2473973743146676,Normal
1.0,40.30609389172172,3.7276460507190037,Warning
5.0,40.203739507508004,2.1918449328747687,Warning
9.0,78.12919247111192,5.31572265621936,Critical
0.0,42.354532109824405,2.0953294143459837,Normal
9.0,84.2304859859058,5.608294493915974,Critical
9.0,77.33058803195478,5.327713518932115,Critical
6.0,61.2900235260443,3.0767416623527857,Warning
0.0,63.920640977986274,1.811589328998447,Warning
5.0,56.23725222231445,3.8669622945292605,Warning
1.0,80.03240625456804,1.9802456160895126,Critical
1.0,44.69415406500971,1.87338033289454,Normal
1.0,62.169490075979695,1.549854487151923,Warning
1.0,34.67080511097312,3.4711129032270773,Warning
1.0,60.61361877448266,2.2325237859839757,Warning
4.0,61.06293367503239,4.1753423835535415,Warning
7.0,67.88145380234909,3.270200041712126,Warning
2.0,43.25586101333773,2.1282859925330304,Normal
1.0,42.792514679051585,2.62915808285201,Normal
6.0,57.97893137593639,3.9694499125693743,Warning
9.0,78.65154971069089,6.017856630777827,Critical
9.0,78.59607106002713,5.279729430482924,Critical
5.0,62.11168350926473,3.6689212433006246,Warning
6.0,39.88438521446976,2.6088768146758543,Warning
1.0,36.7468357832999,2.031671423569756,Normal
1.0,33.1261314742057,2.106528355160591,Normal
0.0,58.828535377585176,1.6318394544855552,Warning
4.0,60.4504677735175,4.020118418895397,Warning
0.0,61.05140688625644,2.1278773097223187,Warning
2.0,41.3169794762149,2.2897958618789707,Normal
1.0,41.24167085611808,2.5656733885779226,Normal
5.0,63.119156955302536,3.481739758759626,Warning
10.0,75.02033635574094,5.608079746896858,Critical
5.0,61.38779145485469,3.527920534762081,Warning
5.0,56.5769094206752,3.639952421424278,Warning
0.0,36.662765584049744,2.416900033581103,Normal
9.0,84.77873626736843,5.375855943964113,Critical
1.0,40.159466042733605,2.000029537581995,Normal
1.0,58.29556073926557,2.5048066769151855,Warning
9.0,40.727932813971584,2.194815832987144,Critical
9.0,83.42776766837035,5.507013051803209,Critical
9.0,80.6814883951624,6.060016548461863,Critical
0.0,42.1745640146686,4.197737222473245,Warning
9.0,78.24386449408087,5.370251365434413,Critical
9.0,40.155094964285844,2.1683600326672794,Critical
2.0,41.363261014643086,1.6113492604549327,Normal
0.0,41.847938267726484,2.395140302452312,Normal
0.0,37.977362614826475,3.450682027455552,Warning
1.0,39.642493488016235,4.10933835155286,Warning
0.0,38.830570590532695,1.518159848355292,Normal
2.0,36.43371083703145,1.7760869635375882,Normal
1.0,39.09214072158866,1.8310234444463744,Normal
2.0,37.841559300145626,1.474123790385686,Normal
6.0,65.59555950955009,3.6403640518253613,Warning
1.0,43.74706809062049,5.740692264791224,Critical
2.0,41.42538420204403,3.4578232063388867,Warning
10.0,36.69801620729692,1.916547277156894,Critical
2.0,35.398415785251586,2.3023398047943657,Normal
0.0,63.842811315071195,2.263849274476789,Warning
0.0,41.912412707953365,1.8114300388337898,Normal
1.0,38.86658040172519,4.020709004376099,Warning
5.0,44.610896961752935,2.5072706804327063,Warning
1.0,40.35737178809883,5.611299543044916,Critical
1.0,36.967393246431044,6.026577351506229,Critical
4.0,65.4768487471307,4.700103448098953,Critical
0.0,38.65430737591494,2.1583168827250985,Normal
5.0,63.26068012842376,3.6641611526861166,Warning
1.0,81.17136479616164,2.173720062019256,Critical
9.0,82.44594821651489,5.254381568806626,Critical
8.0,41.07138602881396,2.382054266782115,Critical
9.0,77.32993775070919,4.53306357301419,Critical
5.0,57.478023056680854,3.3551946886912107,Warning
1.0,40.012398647964595,5.589772192455239,Critical
5.0,61.60992181550453,3.9166867564626986,Warning
2.0,40.76564025056762,2.47271879233343,Normal
6.0,63.45194688185458,3.608710039558396,Warning
6.0,60.87547561130717,3.9646868572704324,Warning
5.0,63.306375007872255,3.4268482908744424,Warning
1.0,42.61428633384457,2.0782584420711387,Normal
1.0,41.85044259906934,1.6501007199657165,Normal
7.0,41.5133339429874,1.7553423514136257,Warning
0.0,41.446200506576574,1.817048456340612,Normal
2.0,32.81721908529859,1.724701978713541,Normal
10.0,80.39539528103246,5.047273299231568,Critical
1.0,38.612944622006296,2.3002915584400037,Normal
0.0,40.680358138327406,4.1616546192094885,Warning
5.0,62.1612576889715,2.9453971978792177,Warning
9.0,79.5979183375719,5.2871160947319495,Critical
1.0,41.84840400400672,2.9622163303778954,Normal
5.0,57.54483356261769,4.116644747152811,Warning
3.0,76.74177925216256,1.5599161337565206,Critical
10.0,77.94633192746059,5.260917869445189,Critical
1.0,36.897075844976804,2.082346639055892,Normal
5.0,60.07852978443372,3.605187230525172,Warning
1.0,41.44043021017483,1.3893949045590326,Normal
4.0,60.41218307990032,3.725646360104994,Warning
0.0,39.85384479420965,1.704869405397495,Normal
4.0,66.81268731405504,3.688346841169072,Warning
2.0,40.093256763313455,2.097501570079132,Normal
2.0,79.78996142356159,1.870003792371276,Critical
0.0,39.62857211701102,3.959710116042822,Warning
1.0,40.94172463437266,1.7083209179177081,Normal
1.0,47.55242211260176,2.6568956139485844,Normal
9.0,74.57114909324831,5.664276230867271,Critical
0.0,65.9858932005483,2.4359722360601554,Warning
2.0,42.218238016902845,1.944123092402294,Normal
1.0,38.11580174882388,2.109008492006204,Normal
1.0,41.94245407212842,1.9952236228716462,Normal
4.0,60.30111525325698,3.4813888071246875,Warning
2.0,38.287169015434614,2.2848172914881735,Normal
11.0,41.91980849740237,2.5156945785046148,Critical
2.0,61.54092237138136,2.192570873609254,Warning
1.0,33.172790788834746,3.924346751788241,Warning
1.0,62.263888688993006,2.0768547245129803,Warning
2.0,38.62690170712952,2.0377581555200615,Normal
0.0,44.42784714416052,2.1289248144452304,Normal
5.0,66.40154375212713,3.6600265378777572,Warning
9.0,83.74163426342736,6.484427236883553,Critical
1.0,38.63504955897766,1.571037982681463,Normal
0.0,42.31562287710948,5.402113109103487,Critical
8.0,38.38841861795974,1.7090499574171232,Critical
6.0,60.91618872498967,3.8232120651310235,Warning
2.0,43.29993895102625,1.9537199702140897,Normal
3.0,48.74158739802199,2.1450433016465986,Normal
5.0,62.328943263722024,4.555795550770621,Critical
3.0,36.47015584171209,1.7068878085701826,Normal
8.0,77.90533562080228,5.481951256183326,Critical
2.0,80.63438045709175,1.8067913448459483,Critical
9.0,32.849833891127915,2.1808459865269634,Critical
1.0,37.76170523004246,1.5623895613768988,Normal
5.0,60.478684158715275,3.556381009329212,Warning
9.0,83.28819269917155,5.703138587700511,Critical
1.0,38.13349689923722,2.34559180076624,Normal
5.0,55.459369806531576,3.7126209743792287,Warning
8.0,37.28939666027118,1.9734799832390615,Critical
1.0,43.343777333732135,2.1341819896138645,Normal
2.0,42.52546020067019,2.1939407754634326,Normal
9.0,43.96751299456937,2.231681656300681,Critical
1.0,36.89303874152257,1.413860969353475,Normal
4.0,61.81924446079614,3.3248131066984237,Warning
8.0,82.69566584042785,5.780251692584379,Critical
2.0,45.16230949349795,1.5162364696180362,Normal
5.0,40.87012118945061,2.8140229271585895,Warning
3.0,57.8659721694564,3.066283462006862,Warning
9.0,40.58531191942866,2.22029140213577,Critical
2.0,40.39308134858026,1.6491796067582196,Normal
2.0,37.40250665292027,2.338897424107018,Normal
9.0,79.03837886498735,5.775618946534934,Critical
1.0,45.449580988420315,5.191566543397382,Critical
1.0,81.89371498420144,2.1680844033791185,Critical
6.0,58.99612570173037,4.289255173338308,Warning
4.0,61.6920137268781,4.329400695323072,Warning
8.0,79.41050473880568,5.7895104798674275,Critical
1.0,38.41152187280859,2.0814366739741463,Normal
1.0,44.36513672881213,2.046020035881908,Normal
1.0,42.33330216725478,2.282452898680565,Normal
1.0,43.53686373577494,5.185877460200868,Critical
8.0,81.22179168120641,5.63547055528851,Critical
9.0,41.44100288764414,2.886166637209762,Critical
2.0,36.6638672369224,5.792381947865781,Critical
0.0,33.78104969202612,1.6089155604536374,Normal
0.0,39.82476626842395,2.029393351160059,Normal
5.0,64.61580309955835,3.5033677097660436,Warning
5.0,58.34984474484078,3.9947444356981716,Warning
8.0,82.90399641366159,5.469564008537892,Critical
2.0,35.628532540433,1.8881150742749446,Normal
2.0,35.193221376823224,1.5619234750628512,Normal
1.0,37.77342371800769,2.323525215015602,Normal
0.0,40.25086323223167,1.8053328144028062,Normal
1.0,58.63112885267861,2.268403552665171,Warning
1.0,41.455909849189425,5.6829953162621605,Critical
0.0,39.79605923204679,2.0917125342260334,Normal
0.0,38.226689724426684,2.206817212977674,Normal
3.0,60.151852923331624,4.0588718119902145,Warning
0.0,62.59890505373454,1.4535789772338918,Warning
0.0,37.52131160090814,2.0866830653881303,Normal
2.0,38.13337766411585,2.7211043596834275,Normal
9.0,79.73988589747363,5.404203601463781,Critical
9.0,41.7378459139628,2.765052318246169,Critical
8.0,80.41461538805984,5.431757039858074,Critical
9.0,83.77734454800421,5.466762141292565,Critical
0.0,45.167079825986946,3.7955018813090207,Warning
5.0,62.71580237278533,4.252218871726161,Warning
1.0,43.64644724949308,6.065593848456716,Critical
0.0,40.94054154235059,2.2933442987630333,Normal
9.0,84.58794043690189,5.522606379930128,Critical
1.0,39.14690848587971,2.0648639772953836,Normal
0.0,75.34247758009984,2.0912640344494084,Critical
1.0,42.37241836507024,2.120625829182618,Normal
2.0,40.20273720846667,2.1011917895414944,Normal
6.0,55.35743788687099,3.821004302930553,Warning
0.0,38.753928219460946,1.7857661203290671,Normal
9.0,86.23013397757707,5.204137837257851,Critical
1.0,82.9869044183535,1.758459560596819,Critical
4.0,57.77009089074837,3.6391568049668845,Warning
1.0,48.11195532183816,5.637983177304711,Critical
3.0,35.62858626124133,3.5632628390902816,Warning
2.0,38.914502388746975,1.8285874359845768,Normal
9.0,35.25349895161925,1.739381825246503,Critical
4.0,62.88377852767514,4.022923902975749,Warning
1.0,47.14780684805222,2.147066009553728,Normal
2.0,39.071960380839286,2.159871333145094,Normal
8.0,38.76839803595495,2.031357468578952,Critical
5.0,63.973664031299535,4.648760934526415,Critical
11.0,75.35650150178027,5.407123962090011,Critical
2.0,63.84229753133787,2.209421466476209,Warning
2.0,38.6234785205521,1.851329195272418,Normal
1.0,38.217550132909615,1.493879750964041,Normal
10.0,84.27067841679509,5.848550553530326,Critical
2.0,61.505186673811345,2.450955487261388,Warning
4.0,63.081775032970526,3.2132600995086604,Warning
9.0,76.58501981911718,5.345407872039452,Critical
1.0,41.096462035115515,6.048022835921139,Critical
9.0,39.469422419281614,2.031780008263517,Critical
1.0,38.73847496968933,5.313171421119277,Critical
1.0,36.78360093571942,2.2500387689207306,Normal
9.0,43.86052678793651,1.3315829829888017,Critical
1.0,43.86978909585472,4.892885976071982,Critical
4.0,60.25483595239326,3.5720856420600215,Warning
9.0,87.41542722816641,5.5596778651068774,Critical
0.0,74.99589620033271,2.2883023244653273,Critical
5.0,60.6709635402756,3.6861028011785577,Warning
8.0,39.052631541534986,2.412457797611416,Critical
0.0,41.29090407687266,1.7019619837849813,Normal
10.0,42.25861650144664,2.2951110085079343,Critical
2.0,37.463016901697955,2.1165746304163893,Normal
9.0,86.6195759214212,5.316679527510567,Critical
9.0,78.1071152086036,5.870016244584478,Critical
10.0,83.35819148599514,5.3642742155577485,Critical
0.0,40.09834627862878,1.5742039477166054,Normal
1.0,39.4992162096743,2.285871553520277,Normal
9.0,40.382087426969456,1.977771963946606,Critical
2.0,43.53223566693308,2.1536803376253517,Normal
5.0,58.020811690044354,3.691868201202372,Warning
5.0,65.58085571556913,2.9402846065716064,Warning
2.0,81.95462186193188,2.21756045959234,Critical
2.0,43.66518599865278,3.925595444194393,Warning
9.0,74.67975638357096,5.658898471006435,Critical
10.0,80.76997619213678,4.899929936576358,Critical
1.0,37.409964205781854,1.9483649619158765,Normal
0.0,37.104649713302884,1.7461708774124864,Normal
3.0,40.20814340539834,2.0560667076609764,Normal
5.0,63.6786211118485,3.8981657155011917,Warning
9.0,76.0359077850642,5.343524592846247,Critical
1.0,40.806740343035806,1.7831169230549853,Normal
1.0,41.74932440697323,3.5274990808865545,Warning
7.0,83.8597703938617,5.210616813112424,Critical
2.0,39.86501437707098,4.813704040535663,Critical
1.0,38.94359934853531,2.186308214943672,Normal
9.0,83.1369203606278,5.197130008764358,Critical
2.0,34.818038730422955,2.15204827524105,Normal
1.0,43.74627331723152,3.319701249143294,Warning
6.0,60.80925847628662,3.7398118537201506,Warning
1.0,43.74899580113133,2.2223799000014473,Normal
0.0,37.7447324565595,2.138961655005422,Normal
3.0,42.50357664210717,5.8673245120521615,Critical
4.0,67.11827527438292,4.091825238281021,Warning
5.0,58.31625334792447,2.9368718269416343,Warning
9.0,79.70577929440248,5.272757978136452,Critical
9.0,83.49701626965145,5.13719630879562,Critical
1.0,39.391258045613355,1.6211504809140997,Normal
4.0,38.33628278307866,2.3749565886253654,Warning
1.0,38.77483411823582,2.013503393043321,Normal
1.0,39.851323487345255,3.659575392245373,Warning
1.0,41.04632768213889,2.682854396044205,Normal
1.0,37.2771474816982,5.512768264464981,Critical
5.0,39.72537994174537,1.8142123601546234,Warning
10.0,82.6228330367572,5.1563315539172185,Critical
1.0,67.7087223868225,1.8412965955709926,Warning
9.0,79.89252576000213,5.464895816394807,Critical
2.0,62.990869836849775,1.925893169109462,Warning
1.0,41.08576556178653,2.4622315794348584,Normal
0.0,41.28367132208475,1.933764480672258,Normal
7.0,80.83499881871151,5.018384833949398,Critical
10.0,78.79623518204053,5.237246383607211,Critical
0.0,40.34162558242603,5.87765337373264,Critical
4.0,60.19184191090933,3.317486665615438,Warning
0.0,63.31253674585961,1.5653855648925625,Warning
5.0,63.17159178895855,4.190415196261863,Warning
0.0,43.31403764620759,1.8556820947283443,Normal
0.0,37.33360806030724,1.9752618664217751,Normal
2.0,40.03427816668198,2.465136206652946,Normal
8.0,80.42350705649793,4.8852331477387905,Critical
0.0,55.53193087235006,1.9067552630736881,Warning
1.0,36.878368182527396,2.166143980962121,Normal
1.0,42.207200080840494,5.024607811799424,Critical
1.0,45.46389655243932,1.4218842981372566,Normal
5.0,57.34694176295584,3.8585565647092603,Warning
2.0,45.51216002646256,1.8824212712359483,Normal
1.0,40.67667951853054,2.331677363446905,Normal
0.0,58.41392307710569,2.4637344877835705,Warning
0.0,37.53324994812904,2.070807167140918,Normal
2.0,41.1551138129683,2.194786704962942,Normal
2.0,41.34429809180861,1.410040938915317,Normal
0.0,41.283389194741396,3.8536468602861134,Warning
0.0,33.258194333977436,2.3506108891780273,Normal
4.0,63.986244603745256,3.9275871519524275,Warning
0.0,81.63163101233654,1.8302535965083966,Critical
8.0,81.76610983464545,5.343875717539408,Critical
1.0,80.37849558929292,1.8811382410377009,Critical
0.0,38.3928553816918,5.1846380897607665,Critical
10.0,82.02681989949343,5.69611521238129,Critical
1.0,40.82882253798566,1.5055319406376717,Normal
5.0,59.698348794408076,3.4178013627603607,Warning
4.0,41.57185286257801,2.255049981926021,Warning
8.0,36.06049684540019,1.9458862344830319,Critical
8.0,80.46223997644661,5.839293426761872,Critical
1.0,78.52033446348227,2.677383414235188,Critical
9.0,80.91674057570744,5.81282956107741,Critical
1.0,43.637556510494804,1.8866729034996899,Normal
7.0,60.64414706043947,3.4669428011078476,Warning
9.0,81.53454110575757,5.549579844086859,Critical
9.0,40.97197076881643,2.423242598948882,Critical
10.0,77.42847078866771,5.49687314623781,Critical
8.0,82.42564324880605,5.30384291657197,Critical
1.0,34.59143141074635,3.436743696176368,Warning
2.0,39.01237180492298,5.425116399648716,Critical
0.0,38.44895732513692,5.7394132695910836,Critical
1.0,59.00644405026792,1.9703023139182967,Warning
9.0,35.28670677228815,2.269744573733167,Critical
5.0,61.340192614200994,3.819528039937881,Warning
0.0,41.03381471425107,2.132748012027807,Normal
8.0,79.62486675242035,5.28646539688001,Critical
5.0,61.241355661046505,3.896795505170073,Warning
0.0,63.851844741476775,2.194376079978001,Warning
0.0,40.936028414653734,2.4043592126373436,Normal
0.0,83.9034750459561,2.2216975393595724,Critical
0.0,37.10908466689359,1.679695359453926,Normal
8.0,79.2945480601567,6.360385262007796,Critical
5.0,65.07353802628008,3.4258870483996917,Warning
2.0,37.58642010932556,4.867149583595239,Critical
3.0,59.31737794406157,3.607924301440277,Warning
8.0,78.43328456137247,5.77341342182831,Critical
1.0,87.17803016905472,1.6299146393678523,Critical
1.0,43.33889767498079,1.9142287720832543,Normal
8.0,77.89173512053638,5.229069940256283,Critical
10.0,80.59573586204455,5.671284378628443,Critical
1.0,41.432588011800384,1.5931499269510243,Normal
5.0,39.790603642713585,1.5332839884430296,Warning
2.0,44.550377971417745,3.4210811537461585,Warning
10.0,83.53455455845156,5.869734955110809,Critical
0.0,80.27803833808701,1.7310755191582308,Critical
1.0,63.29778335517846,2.0216707692879856,Warning
1.0,40.608391830693336,1.617285020338306,Normal
9.0,78.5253775215285,5.529631448256468,Critical
5.0,58.92641326126098,4.017821995231295,Warning
5.0,39.079908136522185,2.036641510460844,Warning
4.0,42.55385672453437,1.7524574145169878,Warning
1.0,45.15638500914958,2.8881362456370736,Normal
0.0,47.372272276227676,4.330609681711501,Warning
0.0,36.049509366825276,2.292532763710018,Normal
10.0,87.07931580298883,5.376364707860337,Critical
2.0,84.3050185339668,2.5215435198038003,Critical
5.0,41.52969474542961,1.9631715530121951,Warning
4.0,60.387012269290935,3.889908062152186,Warning
6.0,64.42736393297074,3.6489663396689145,Warning
6.0,62.26360291124218,3.837203828078015,Warning
8.0,81.00064703490861,5.56492965730466,Critical
0.0,39.06508169815084,5.238859230970046,Critical
9.0,77.53432468537088,6.051381827302439,Critical
6.0,64.19728342928852,3.098293603143384,Warning
8.0,76.90390326451526,5.477838049101164,Critical
10.0,79.35860941445013,4.869832457893037,Critical
6.0,61.96941165312486,4.256576581967623,Warning
0.0,78.95785149920441,1.4999145980208026,Critical
3.0,43.38206428492727,3.7341613973734042,Warning
9.0,77.71341220688825,5.440356619967757,Critical
5.0,62.821527194925366,3.5947323953036427,Warning
10.0,41.659230361075736,2.0871197595362605,Critical
2.0,41.304298223399854,1.8683453750694652,Normal
1.0,42.30195172138368,1.6009436783058193,Normal
8.0,74.77849103291655,5.506067120202958,Critical
0.0,40.0190171870868,2.9091858043085415,Normal
4.0,41.73220773255775,2.0162951156647515,Warning
1.0,37.14993383526826,1.8813384234348032,Normal
0.0,40.40537035560425,3.8575072356976414,Warning
0.0,39.108029911907096,2.0348171155555086,Normal
3.0,59.70968204806802,1.5172977620279942,Warning
0.0,80.32610645844022,2.6041463311343285,Critical
8.0,81.91627814502793,5.616039593296793,Critical
9.0,80.35638961970871,5.36015787044405,Critical
1.0,44.63569645508968,5.431532184217309,Critical
8.0,38.47779827079872,1.892858333039016,Critical
1.0,40.79115161306956,2.0183633794246854,Normal
5.0,62.94145706032137,3.527888403094453,Warning
1.0,43.38405657204791,1.201741754119827,Normal
7.0,84.4098116928237,5.559315854917641,Critical
0.0,59.04975206402291,2.2407163960599554,Warning
8.0,82.03245452627418,5.239648675516528,Critical
7.0,35.2962087507085,2.4413280632470444,Warning
5.0,58.96194844583552,3.7443088485971927,Warning
0.0,34.53594897422609,6.113426644092828,Critical
1.0,44.35353654706319,1.84577165245059,Normal
6.0,39.23003765080074,2.2625426342479305,Warning
11.0,79.63374833608583,4.732609778217407,Critical
4.0,68.84489863182819,3.8041288749149444,Warning
8.0,75.05751110285769,5.6017566122533875,Critical
1.0,78.03276961270306,2.241871898053407,Critical
1.0,45.00366283335856,1.6136907557762976,Normal
1.0,43.3817236209041,2.163628269788216,Normal
10.0,74.89166416432008,4.995527220093082,Critical
1.0,35.78562535716902,4.092937389097308,Warning
11.0,75.0069308200094,6.372874452004797,Critical
4.0,40.09711030218109,2.0515628156702648,Warning
9.0,81.48836212426636,5.628216526777515,Critical
0.0,35.8541529059091,3.513842877120035,Warning
0.0,81.89382419036473,2.317937654043557,Critical
1.0,80.74680173118998,2.2962064218077054,Critical
1.0,40.529537264117344,2.1035978963904847,Normal
10.0,78.37404979932143,5.9018897485805955,Critical
9.0,34.04757033061301,2.4323365859085953,Critical
4.0,66.38706579042008,3.9832181561486104,Warning
1.0,63.8545721439959,2.543158042042871,Warning
1.0,41.186527319087524,3.1515296124175967,Warning
0.0,33.60386115780607,2.0936990118203425,Normal
0.0,37.008259517195555,2.139920979353203,Normal
9.0,42.30689761472124,2.2866864591192484,Critical
8.0,37.12948986136106,2.506470543610886,Critical
1.0,38.26738333793305,2.446056525929434,Normal
2.0,38.81877648332628,2.1824085395062394,Normal
0.0,38.91083846030479,1.866391737100585,Normal
1.0,39.5087076876334,5.350352472392756,Critical
1.0,39.262715499961296,2.3332187785989613,Normal
5.0,55.678422958010934,3.6849032436256826,Warning
9.0,83.40136781769203,6.237409656647351,Critical
1.0,38.84726226135829,4.056665292634617,Warning
0.0,42.49309557300392,1.5302386917701827,Normal
1.0,44.860210927408154,3.8272943526200374,Warning
9.0,84.2026455809389,5.133449498765667,Critical
5.0,61.577036307666745,4.2361226117103685,Warning
1.0,62.032956540582575,2.3076339096953125,Warning
0.0,42.24766878160256,3.1094283069553272,Warning
1.0,40.593370245825554,2.3812261238487773,Normal
1.0,36.3265929048385,1.5211442802640174,Normal
6.0,61.080303136138824,3.4923729352953745,Warning
5.0,62.04404041966913,3.423504776146339,Warning
0.0,37.61759112992373,2.1538728121059476,Normal
1.0,42.21797807702471,5.093393324372979,Critical
1.0,40.58578909443932,3.62381035729787,Warning
10.0,78.24443465321896,5.706024053108091,Critical
0.0,39.784004222680636,5.940897048508142,Critical
1.0,44.3843328767266,1.6125340112847792,Normal
9.0,78.85988581342342,4.765277780103565,Critical
0.0,40.69648396920016,2.0408400331992547,Normal
2.0,37.11372665097512,2.121697958357835,Normal
0.0,40.53782690486895,2.076998839390118,Normal
5.0,37.85537031430747,2.45920884177697,Warning
6.0,62.5521734938147,4.036930150370394,Warning
1.0,40.153426175656485,1.7320626528996006,Normal
0.0,78.67426994876092,1.9358458552504592,Critical
1.0,38.82860815161157,2.6467387545346157,Normal
1.0,42.5438762303911,5.982207682696161,Critical
1.0,42.94821853306917,1.8252465405112968,Normal
10.0,82.30968794382429,5.838703885372816,Critical
5.0,57.03471397044445,3.334234701644794,Warning
9.0,77.92469077099307,6.025710238145096,Critical
10.0,32.85619797963424,2.3618251587786148,Critical
8.0,78.63355625343554,5.645728851848634,Critical
1.0,43.73484213593934,1.8490311966161714,Normal
9.0,40.519021418956676,1.35029095150994,Critical
3.0,45.35550520621639,2.3976170392444,Normal
9.0,70.80866040106281,5.052669073050869,Critical
6.0,59.44352358210322,4.480245763694591,Warning
6.0,63.80795733891949,3.6361250550724087,Warning
9.0,40.8114561583306,1.681850806920199,Critical
2.0,77.1753871933106,2.070470698625223,Critical
9.0,80.48575810185521,5.8637791657214935,Critical
0.0,39.042680208967305,2.0760309181836836,Normal
0.0,38.090154150693294,2.189396063781586,Normal
1.0,39.82965041682193,1.9403573465925286,Normal
6.0,57.80694151064479,3.468054507075658,Warning
9.0,41.089027743143546,2.24412090917235,Critical
5.0,65.87169128696353,3.8438439019153066,Warning
9.0,80.04221624862052,5.424697791980105,Critical
1.0,42.965659727395945,3.7140897757001623,Warning
1.0,81.3806559183052,2.3480226638435115,Critical
9.0,44.64967169838738,1.847494469141641,Critical
1.0,40.199637447577615,1.755901661844903,Normal
4.0,60.30308375493488,4.084717044441735,Warning
6.0,59.59936491019445,3.921500270112557,Warning
2.0,34.146894434038494,1.5442371725981887,Normal
9.0,80.553100121527,6.182830218940342,Critical
2.0,39.78785322482661,5.515630398337213,Critical
5.0,60.83410045679955,4.217087782741134,Warning
0.0,39.71721233724233,1.384795063025179,Normal
0.0,42.1414604094472,2.084575582586863,Normal
1.0,42.21254670540126,1.673233811996543,Normal
1.0,37.12596519789631,5.155914325319603,Critical
1.0,42.189147021351125,3.1445155947206156,Warning
5.0,54.55787447004637,3.351253480899164,Warning
1.0,41.386637467031875,3.0450736593786547,Warning
0.0,43.91069520342426,3.9940770569429693,Warning
3.0,44.72006470742573,2.135046293394775,Normal
5.0,63.01962608357811,3.8106167547255003,Warning
8.0,42.94201988298228,2.3396742933023056,Critical
2.0,37.67646981545981,3.4833687065930232,Warning
6.0,64.0322041060769,3.3658228640042127,Warning
9.0,82.98661798448805,5.454592328884024,Critical
0.0,37.2313406743142,2.511412603352115,Normal
2.0,42.229762513610325,2.1901039939068183,Normal
1.0,41.00752377079907,0.9742919684515285,Normal
1.0,64.03557185420009,1.8702276406882785,Warning
4.0,59.714076625069225,3.752019483355991,Warning
0.0,38.556276628403765,2.5032219289707616,Normal
0.0,35.514817509318384,2.4773517804348684,Normal
9.0,84.92106228169493,5.320227308749781,Critical
2.0,43.19705552416014,5.688101848979568,Critical
1.0,38.019099651934035,3.903647653757478,Warning
9.0,79.78034502804853,5.633444986528342,Critical
1.0,38.151120735423675,3.692060153636024,Warning
8.0,46.0397393643838,2.2069622550983694,Critical
0.0,60.114886675641564,1.7449863301591655,Warning
9.0,42.791133572868674,1.7300694418178764,Critical
0.0,41.34344115016813,2.0203960158274064,Normal
2.0,68.80293261169777,1.6392490388236811,Warning
2.0,37.91660427422394,4.934064209942269,Critical
0.0,42.0136840348411,3.428871850308278,Warning
8.0,77.91720871325579,5.170062029914031,Critical
0.0,41.6452837624894,2.0657907556201365,Normal
10.0,78.18620415146138,4.855165438289265,Critical
1.0,86.03277833720155,2.192144005926919,Critical
6.0,59.82616684544683,3.4011842720944063,Warning
1.0,83.20538620173289,2.034300669934784,Critical
0.0,58.212832103428504,2.0102982514547403,Warning
0.0,40.517763753166356,2.5526819397436524,Normal
5.0,45.35595518267418,2.125061797948719,Warning
0.0,61.43133346538217,1.7130861249302045,Warning
9.0,81.17968933095449,5.198306175640319,Critical
1.0,42.43520712998951,5.160569861709725,Critical
0.0,42.565057972891836,2.2238692433242657,Normal
1.0,42.133679739378564,2.2776715323199737,Normal
2.0,40.63482919838515,2.3102378858487835,Normal
5.0,63.539599433231544,3.5534029396262365,Warning
1.0,44.29964351981852,2.032032062360623,Normal
2.0,31.98149670069119,2.138576856050788,Normal
0.0,36.323824601592676,6.025432552339524,Critical
0.0,40.56953017851233,1.4908121301597739,Normal
5.0,60.9092501290796,3.2977786009840973,Warning
9.0,40.73404577646205,2.0509301818674586,Critical
5.0,64.99800899742347,3.734094694535224,Warning
6.0,56.007599921330424,3.1111857313731406,Warning
5.0,63.45548333763721,3.5152288269364904,Warning
2.0,84.07028947239189,1.7392559714460254,Critical
1.0,45.64652464061215,1.9405980712528677,Normal
5.0,61.07293290441125,3.6394951211447975,Warning
0.0,40.16306075617115,1.8348783882265824,Normal
5.0,57.779257503194415,3.007787828171505,Warning
2.0,78.59040425234129,1.9416284930993049,Critical
1.0,34.72983465256425,2.1147984192999383,Normal
6.0,39.704661993076364,1.9146363614379318,Warning
1.0,40.69650966887877,1.8056354734133444,Normal
6.0,40.76772055031267,2.228111849491064,Warning
2.0,44.43782353202269,2.6280295191101257,Normal
3.0,40.51588099731118,1.8819361932760228,Normal
0.0,37.39541970807766,3.12758786303975,Warning
0.0,39.62497290904127,2.5185094416806404,Normal
5.0,31.248520357908802,2.4166069962285412,Warning
0.0,38.995344910042675,2.056963572786752,Normal
10.0,77.20677953617368,5.150299288034145,Critical
1.0,39.01698071691412,2.3509652388566114,Normal
2.0,36.4650891306554,2.2738226198461815,Normal
1.0,38.266317675767034,2.0885096852394645,Normal
9.0,82.11959753869348,5.473830877452345,Critical
3.0,58.77570195854686,4.006790261428532,Warning
1.0,43.90013378409687,2.2039293346956974,Normal
